method,aep_mw,runtime_sec,n_evaluations,feasible,improvement_pct
gradient_descent,292.1749790291532,53.57101825200061,3025,1.0,2.3264088665017923
multistart_slsqp,345.74005989599993,251.4937093360004,2512,1.0,21.08613423368078
hybrid_xgboost_slsqp,343.9114270619196,185.73112766799932,9401,1.0,20.445704886621105
